--
-- PostgreSQL database dump
--

\restrict 1AVunwI2LrWoIhQAsyzU7v0UVM4uwM6yL2NM9bgbYT7XgunIWFWZRbrsKplegql

-- Dumped from database version 15.18 (Debian 15.18-1.pgdg13+1)
-- Dumped by pg_dump version 15.18 (Debian 15.18-1.pgdg13+1)

SET statement_timeout = 0;
SET lock_timeout = 0;
SET idle_in_transaction_session_timeout = 0;
SET client_encoding = 'UTF8';
SET standard_conforming_strings = on;
SELECT pg_catalog.set_config('search_path', '', false);
SET check_function_bodies = false;
SET xmloption = content;
SET client_min_messages = warning;
SET row_security = off;

ALTER TABLE IF EXISTS ONLY public.data_table DROP CONSTRAINT IF EXISTS "FK_c2a794257dee48af7c9abf681de";
ALTER TABLE IF EXISTS ONLY public.data_table_column DROP CONSTRAINT IF EXISTS "FK_930b6e8faaf88294cef23484160";
ALTER TABLE IF EXISTS ONLY public.data_table DROP CONSTRAINT IF EXISTS "UQ_b23096ef747281ac944d28e8b0d";
ALTER TABLE IF EXISTS ONLY public.data_table_column DROP CONSTRAINT IF EXISTS "UQ_8082ec4890f892f0bc77473a123";
ALTER TABLE IF EXISTS ONLY public."data_table_user_AAjYY7y4dc46SIZg" DROP CONSTRAINT IF EXISTS "PK_f8efb603e89ee41988c729e10c4";
ALTER TABLE IF EXISTS ONLY public.data_table DROP CONSTRAINT IF EXISTS "PK_e226d0001b9e6097cbfe70617cb";
ALTER TABLE IF EXISTS ONLY public.data_table_column DROP CONSTRAINT IF EXISTS "PK_673cb121ee4a8a5e27850c72c51";
ALTER TABLE IF EXISTS ONLY public."data_table_user_eVllB3VNGtqbLuF4" DROP CONSTRAINT IF EXISTS "PK_63691b3b7fe6e59dbaf3e3de159";
ALTER TABLE IF EXISTS ONLY public."data_table_user_3Waxi1c8vq2oiZWC" DROP CONSTRAINT IF EXISTS "PK_201f51078990522a82868332aec";
DROP TABLE IF EXISTS public."data_table_user_eVllB3VNGtqbLuF4";
DROP TABLE IF EXISTS public."data_table_user_AAjYY7y4dc46SIZg";
DROP TABLE IF EXISTS public."data_table_user_3Waxi1c8vq2oiZWC";
DROP TABLE IF EXISTS public.data_table_column;
DROP TABLE IF EXISTS public.data_table;
SET default_tablespace = '';

SET default_table_access_method = heap;

--
-- Name: data_table; Type: TABLE; Schema: public; Owner: atharvadev
--

CREATE TABLE public.data_table (
    id character varying(36) NOT NULL,
    name character varying(128) NOT NULL,
    "projectId" character varying(36) NOT NULL,
    "createdAt" timestamp(3) with time zone DEFAULT CURRENT_TIMESTAMP(3) NOT NULL,
    "updatedAt" timestamp(3) with time zone DEFAULT CURRENT_TIMESTAMP(3) NOT NULL
);


ALTER TABLE public.data_table OWNER TO atharvadev;

--
-- Name: data_table_column; Type: TABLE; Schema: public; Owner: atharvadev
--

CREATE TABLE public.data_table_column (
    id character varying(36) NOT NULL,
    name character varying(128) NOT NULL,
    type character varying(32) NOT NULL,
    index integer NOT NULL,
    "dataTableId" character varying(36) NOT NULL,
    "createdAt" timestamp(3) with time zone DEFAULT CURRENT_TIMESTAMP(3) NOT NULL,
    "updatedAt" timestamp(3) with time zone DEFAULT CURRENT_TIMESTAMP(3) NOT NULL
);


ALTER TABLE public.data_table_column OWNER TO atharvadev;

--
-- Name: COLUMN data_table_column.type; Type: COMMENT; Schema: public; Owner: atharvadev
--

COMMENT ON COLUMN public.data_table_column.type IS 'Expected: string, number, boolean, or date (not enforced as a constraint)';


--
-- Name: COLUMN data_table_column.index; Type: COMMENT; Schema: public; Owner: atharvadev
--

COMMENT ON COLUMN public.data_table_column.index IS 'Column order, starting from 0 (0 = first column)';


--
-- Name: data_table_user_3Waxi1c8vq2oiZWC; Type: TABLE; Schema: public; Owner: atharvadev
--

CREATE TABLE public."data_table_user_3Waxi1c8vq2oiZWC" (
    id integer NOT NULL,
    name text,
    site text,
    inurl text,
    keywords text,
    before double precision,
    after double precision,
    "createdAt" timestamp(3) with time zone DEFAULT CURRENT_TIMESTAMP(3) NOT NULL,
    "updatedAt" timestamp(3) with time zone DEFAULT CURRENT_TIMESTAMP(3) NOT NULL
);


ALTER TABLE public."data_table_user_3Waxi1c8vq2oiZWC" OWNER TO atharvadev;

--
-- Name: data_table_user_3Waxi1c8vq2oiZWC_id_seq; Type: SEQUENCE; Schema: public; Owner: atharvadev
--

ALTER TABLE public."data_table_user_3Waxi1c8vq2oiZWC" ALTER COLUMN id ADD GENERATED BY DEFAULT AS IDENTITY (
    SEQUENCE NAME public."data_table_user_3Waxi1c8vq2oiZWC_id_seq"
    START WITH 1
    INCREMENT BY 1
    NO MINVALUE
    NO MAXVALUE
    CACHE 1
);


--
-- Name: data_table_user_AAjYY7y4dc46SIZg; Type: TABLE; Schema: public; Owner: atharvadev
--

CREATE TABLE public."data_table_user_AAjYY7y4dc46SIZg" (
    id integer NOT NULL,
    key text,
    value text,
    "createdAt" timestamp(3) with time zone DEFAULT CURRENT_TIMESTAMP(3) NOT NULL,
    "updatedAt" timestamp(3) with time zone DEFAULT CURRENT_TIMESTAMP(3) NOT NULL,
    type text
);


ALTER TABLE public."data_table_user_AAjYY7y4dc46SIZg" OWNER TO atharvadev;

--
-- Name: data_table_user_AAjYY7y4dc46SIZg_id_seq; Type: SEQUENCE; Schema: public; Owner: atharvadev
--

ALTER TABLE public."data_table_user_AAjYY7y4dc46SIZg" ALTER COLUMN id ADD GENERATED BY DEFAULT AS IDENTITY (
    SEQUENCE NAME public."data_table_user_AAjYY7y4dc46SIZg_id_seq"
    START WITH 1
    INCREMENT BY 1
    NO MINVALUE
    NO MAXVALUE
    CACHE 1
);


--
-- Name: data_table_user_eVllB3VNGtqbLuF4; Type: TABLE; Schema: public; Owner: atharvadev
--

CREATE TABLE public."data_table_user_eVllB3VNGtqbLuF4" (
    id integer NOT NULL,
    "createdAt" timestamp(3) with time zone DEFAULT CURRENT_TIMESTAMP(3) NOT NULL,
    "updatedAt" timestamp(3) with time zone DEFAULT CURRENT_TIMESTAMP(3) NOT NULL,
    company_name text,
    "position" text,
    location text,
    date text,
    experience_required text,
    job_type text,
    link text,
    audio_added boolean,
    script_added boolean,
    video_created boolean,
    job_description text,
    video_type text
);


ALTER TABLE public."data_table_user_eVllB3VNGtqbLuF4" OWNER TO atharvadev;

--
-- Name: data_table_user_eVllB3VNGtqbLuF4_id_seq; Type: SEQUENCE; Schema: public; Owner: atharvadev
--

ALTER TABLE public."data_table_user_eVllB3VNGtqbLuF4" ALTER COLUMN id ADD GENERATED BY DEFAULT AS IDENTITY (
    SEQUENCE NAME public."data_table_user_eVllB3VNGtqbLuF4_id_seq"
    START WITH 1
    INCREMENT BY 1
    NO MINVALUE
    NO MAXVALUE
    CACHE 1
);


--
-- Data for Name: data_table; Type: TABLE DATA; Schema: public; Owner: atharvadev
--

INSERT INTO public.data_table (id, name, "projectId", "createdAt", "updatedAt") VALUES ('AAjYY7y4dc46SIZg', 'Global Variables', 'i6SPWKiaev6Io6So', '2026-05-16 22:51:21.326+00', '2026-06-12 21:33:03.664+00');
INSERT INTO public.data_table (id, name, "projectId", "createdAt", "updatedAt") VALUES ('3Waxi1c8vq2oiZWC', 'Job Portals', 'i6SPWKiaev6Io6So', '2026-05-16 22:52:19.694+00', '2026-05-16 22:52:19.773+00');
INSERT INTO public.data_table (id, name, "projectId", "createdAt", "updatedAt") VALUES ('eVllB3VNGtqbLuF4', 'Job Details (Testing)', 'i6SPWKiaev6Io6So', '2026-06-03 20:41:35.395+00', '2026-06-03 20:48:57.91+00');


--
-- Data for Name: data_table_column; Type: TABLE DATA; Schema: public; Owner: atharvadev
--

INSERT INTO public.data_table_column (id, name, type, index, "dataTableId", "createdAt", "updatedAt") VALUES ('C9zJCysDsMDMzrke', 'key', 'string', 0, 'AAjYY7y4dc46SIZg', '2026-05-16 22:51:21.326+00', '2026-05-16 22:51:21.326+00');
INSERT INTO public.data_table_column (id, name, type, index, "dataTableId", "createdAt", "updatedAt") VALUES ('6SMohueCwgCtJZJA', 'value', 'string', 1, 'AAjYY7y4dc46SIZg', '2026-05-16 22:51:21.326+00', '2026-05-16 22:51:21.326+00');
INSERT INTO public.data_table_column (id, name, type, index, "dataTableId", "createdAt", "updatedAt") VALUES ('iUV50gWIykPhC7Xf', 'name', 'string', 0, '3Waxi1c8vq2oiZWC', '2026-05-16 22:52:19.694+00', '2026-05-16 22:52:19.694+00');
INSERT INTO public.data_table_column (id, name, type, index, "dataTableId", "createdAt", "updatedAt") VALUES ('69z9dGZ7erSCMMfD', 'site', 'string', 1, '3Waxi1c8vq2oiZWC', '2026-05-16 22:52:19.694+00', '2026-05-16 22:52:19.694+00');
INSERT INTO public.data_table_column (id, name, type, index, "dataTableId", "createdAt", "updatedAt") VALUES ('lMu5rCil41b4xI8n', 'inurl', 'string', 2, '3Waxi1c8vq2oiZWC', '2026-05-16 22:52:19.694+00', '2026-05-16 22:52:19.694+00');
INSERT INTO public.data_table_column (id, name, type, index, "dataTableId", "createdAt", "updatedAt") VALUES ('3J4lAsAHHETZHKec', 'keywords', 'string', 3, '3Waxi1c8vq2oiZWC', '2026-05-16 22:52:19.694+00', '2026-05-16 22:52:19.694+00');
INSERT INTO public.data_table_column (id, name, type, index, "dataTableId", "createdAt", "updatedAt") VALUES ('CnPd7BS75npZZCgX', 'before', 'number', 4, '3Waxi1c8vq2oiZWC', '2026-05-16 22:52:19.694+00', '2026-05-16 22:52:19.694+00');
INSERT INTO public.data_table_column (id, name, type, index, "dataTableId", "createdAt", "updatedAt") VALUES ('OltrcY782qz7jvQs', 'after', 'number', 5, '3Waxi1c8vq2oiZWC', '2026-05-16 22:52:19.694+00', '2026-05-16 22:52:19.694+00');
INSERT INTO public.data_table_column (id, name, type, index, "dataTableId", "createdAt", "updatedAt") VALUES ('ttftmX8q7V9RGUlI', 'type', 'string', 2, 'AAjYY7y4dc46SIZg', '2026-05-19 01:22:32.542+00', '2026-05-19 01:22:32.542+00');
INSERT INTO public.data_table_column (id, name, type, index, "dataTableId", "createdAt", "updatedAt") VALUES ('yDll793HZGPc4X25', 'company_name', 'string', 0, 'eVllB3VNGtqbLuF4', '2026-06-03 20:41:58.484+00', '2026-06-03 20:41:58.484+00');
INSERT INTO public.data_table_column (id, name, type, index, "dataTableId", "createdAt", "updatedAt") VALUES ('hPAsfMnfFaAmYykr', 'position', 'string', 1, 'eVllB3VNGtqbLuF4', '2026-06-03 20:42:16.174+00', '2026-06-03 20:42:16.174+00');
INSERT INTO public.data_table_column (id, name, type, index, "dataTableId", "createdAt", "updatedAt") VALUES ('AyVtiahZkA3SG2mt', 'location', 'string', 2, 'eVllB3VNGtqbLuF4', '2026-06-03 20:42:27.417+00', '2026-06-03 20:42:27.417+00');
INSERT INTO public.data_table_column (id, name, type, index, "dataTableId", "createdAt", "updatedAt") VALUES ('hsT4rcJz3jJGcMtf', 'date', 'string', 3, 'eVllB3VNGtqbLuF4', '2026-06-03 20:42:35.802+00', '2026-06-03 20:42:35.802+00');
INSERT INTO public.data_table_column (id, name, type, index, "dataTableId", "createdAt", "updatedAt") VALUES ('LexMXkmLSVKALYUi', 'experience_required', 'string', 4, 'eVllB3VNGtqbLuF4', '2026-06-03 20:42:48.307+00', '2026-06-03 20:42:48.307+00');
INSERT INTO public.data_table_column (id, name, type, index, "dataTableId", "createdAt", "updatedAt") VALUES ('4myd4LFo8uICBxnM', 'job_type', 'string', 5, 'eVllB3VNGtqbLuF4', '2026-06-03 20:43:02.99+00', '2026-06-03 20:43:02.99+00');
INSERT INTO public.data_table_column (id, name, type, index, "dataTableId", "createdAt", "updatedAt") VALUES ('SxEyRZUOhTCFHQq1', 'link', 'string', 6, 'eVllB3VNGtqbLuF4', '2026-06-03 20:43:06.971+00', '2026-06-03 20:43:06.971+00');
INSERT INTO public.data_table_column (id, name, type, index, "dataTableId", "createdAt", "updatedAt") VALUES ('ROlhPv8C4qFVKCTG', 'audio_added', 'boolean', 7, 'eVllB3VNGtqbLuF4', '2026-06-03 20:43:29.01+00', '2026-06-03 20:43:29.01+00');
INSERT INTO public.data_table_column (id, name, type, index, "dataTableId", "createdAt", "updatedAt") VALUES ('mHeBXJd6xqbokPTy', 'script_added', 'boolean', 8, 'eVllB3VNGtqbLuF4', '2026-06-03 20:43:48.001+00', '2026-06-03 20:43:48.001+00');
INSERT INTO public.data_table_column (id, name, type, index, "dataTableId", "createdAt", "updatedAt") VALUES ('VAKxdIERsoV7VmJG', 'video_created', 'boolean', 9, 'eVllB3VNGtqbLuF4', '2026-06-03 20:44:17.224+00', '2026-06-03 20:44:17.224+00');
INSERT INTO public.data_table_column (id, name, type, index, "dataTableId", "createdAt", "updatedAt") VALUES ('364vf0Tg7U6UpU9X', 'job_description', 'string', 10, 'eVllB3VNGtqbLuF4', '2026-06-03 20:44:31.537+00', '2026-06-03 20:44:31.537+00');
INSERT INTO public.data_table_column (id, name, type, index, "dataTableId", "createdAt", "updatedAt") VALUES ('095FFLAXd67iaBXV', 'video_type', 'string', 11, 'eVllB3VNGtqbLuF4', '2026-06-03 20:44:44.89+00', '2026-06-03 20:44:44.89+00');


--
-- Data for Name: data_table_user_3Waxi1c8vq2oiZWC; Type: TABLE DATA; Schema: public; Owner: atharvadev
--

INSERT INTO public."data_table_user_3Waxi1c8vq2oiZWC" (id, name, site, inurl, keywords, before, after, "createdAt", "updatedAt") VALUES (1, 'Foundit', 'foundit.in/job', NULL, '"software engineer" "India"', 3, 1, '2026-05-16 22:52:19.763+00', '2026-05-16 22:52:19.763+00');
INSERT INTO public."data_table_user_3Waxi1c8vq2oiZWC" (id, name, site, inurl, keywords, before, after, "createdAt", "updatedAt") VALUES (2, 'Internshala', 'internshala.com/internship/detail', NULL, '"computer science" "internship" "India"', 2, 1, '2026-05-16 22:52:19.763+00', '2026-05-16 22:52:19.763+00');
INSERT INTO public."data_table_user_3Waxi1c8vq2oiZWC" (id, name, site, inurl, keywords, before, after, "createdAt", "updatedAt") VALUES (3, 'LinkedIn', 'linkedin.com/jobs/view', NULL, '"computer science" "United States"', 1, 1, '2026-05-16 22:52:19.763+00', '2026-05-16 22:52:19.763+00');
INSERT INTO public."data_table_user_3Waxi1c8vq2oiZWC" (id, name, site, inurl, keywords, before, after, "createdAt", "updatedAt") VALUES (4, 'Naukri', 'naukri.com', 'job-listings-', '"computer science" "software"', 5, 1, '2026-05-16 22:52:19.763+00', '2026-05-16 22:52:19.763+00');


--
-- Data for Name: data_table_user_AAjYY7y4dc46SIZg; Type: TABLE DATA; Schema: public; Owner: atharvadev
--

INSERT INTO public."data_table_user_AAjYY7y4dc46SIZg" (id, key, value, "createdAt", "updatedAt", type) VALUES (9, 'jnn__ig-ch1__batch_size', '5', '2026-05-21 00:50:01.383+00', '2026-05-21 00:51:47.509+00', 'number');
INSERT INTO public."data_table_user_AAjYY7y4dc46SIZg" (id, key, value, "createdAt", "updatedAt", type) VALUES (10, 'jnn__ig-ch1__max_epoch', '10', '2026-05-21 00:50:15.038+00', '2026-05-21 00:51:48.643+00', 'number');
INSERT INTO public."data_table_user_AAjYY7y4dc46SIZg" (id, key, value, "createdAt", "updatedAt", type) VALUES (11, 'jnn__ig-ch1__video_count', '1', '2026-05-21 00:50:28.853+00', '2026-05-21 00:51:50.431+00', 'number');
INSERT INTO public."data_table_user_AAjYY7y4dc46SIZg" (id, key, value, "createdAt", "updatedAt", type) VALUES (12, 'jnn__ig-ch1__job_portal_list__0', 'LinkedIn', '2026-05-21 00:50:41.263+00', '2026-05-21 00:51:53.419+00', 'string');
INSERT INTO public."data_table_user_AAjYY7y4dc46SIZg" (id, key, value, "createdAt", "updatedAt", type) VALUES (13, 'jnn__ig-ch1__template_file', 'job_news_template_instagram.pptx', '2026-05-21 00:50:53.093+00', '2026-05-21 00:51:55.588+00', 'string');
INSERT INTO public."data_table_user_AAjYY7y4dc46SIZg" (id, key, value, "createdAt", "updatedAt", type) VALUES (14, 'jnn__ig-ch1__video_type', 'ig-ch1', '2026-05-21 00:51:03.427+00', '2026-05-21 00:51:57.226+00', 'string');
INSERT INTO public."data_table_user_AAjYY7y4dc46SIZg" (id, key, value, "createdAt", "updatedAt", type) VALUES (3, 'jnn__yt-ch1__max_epoch', '20', '2026-05-16 22:51:21.492+00', '2026-05-31 15:47:42.104+00', 'number');
INSERT INTO public."data_table_user_AAjYY7y4dc46SIZg" (id, key, value, "createdAt", "updatedAt", type) VALUES (1, 'api_url', 'http://fastapi:9374', '2026-05-16 22:51:21.492+00', '2026-05-19 01:22:39.716+00', 'string');
INSERT INTO public."data_table_user_AAjYY7y4dc46SIZg" (id, key, value, "createdAt", "updatedAt", type) VALUES (5, 'jnn__yt-ch1__job_portal_list__0', 'LinkedIn', '2026-05-18 18:20:40.28+00', '2026-05-19 01:22:47.884+00', 'string');
INSERT INTO public."data_table_user_AAjYY7y4dc46SIZg" (id, key, value, "createdAt", "updatedAt", type) VALUES (6, 'jnn__yt-ch1__template_file', 'job_news_template_instagram.pptx', '2026-05-18 18:21:32.394+00', '2026-05-19 01:22:49.828+00', 'string');
INSERT INTO public."data_table_user_AAjYY7y4dc46SIZg" (id, key, value, "createdAt", "updatedAt", type) VALUES (7, 'jnn__yt-ch1__video_type', 'yt-ch1', '2026-05-18 18:22:15.93+00', '2026-05-19 01:22:51.611+00', 'string');
INSERT INTO public."data_table_user_AAjYY7y4dc46SIZg" (id, key, value, "createdAt", "updatedAt", type) VALUES (2, 'jnn__yt-ch1__batch_size', '5', '2026-05-16 22:51:21.492+00', '2026-05-19 01:22:57.235+00', 'number');
INSERT INTO public."data_table_user_AAjYY7y4dc46SIZg" (id, key, value, "createdAt", "updatedAt", type) VALUES (4, 'jnn__yt-ch1__video_count', '10', '2026-05-18 18:18:57.506+00', '2026-05-20 17:20:10.799+00', 'number');


--
-- Data for Name: data_table_user_eVllB3VNGtqbLuF4; Type: TABLE DATA; Schema: public; Owner: atharvadev
--

INSERT INTO public."data_table_user_eVllB3VNGtqbLuF4" (id, "createdAt", "updatedAt", company_name, "position", location, date, experience_required, job_type, link, audio_added, script_added, video_created, job_description, video_type) VALUES (1, '2026-06-03 20:45:59.288+00', '2026-06-03 20:48:57.907+00', 'Fidelity', 'Principal Python Software Engineer - Fidelity Private Shares', 'Westlake, TX', '06/03/2026', 'Not Available', 'Full Time', 'https://jobs.fidelity.com/en/jobs/2123078/principal-python-software-engineer-fidelity-private-shares/', true, NULL, NULL, 'The Role

The Full-Stack Software Engineer for Fidelity Private Shares in Fidelity Labs is a pivotal role for the continued success and growth of the business. The Fidelity Private Shares team delivers innovative technology, robust industry experience and expertise, and seamless service to the start-up ecosystem through Fidelity Investments.

In this role you will be hands-on in the developing, testing, delivery, and support of the Fidelity Private Shares platform. You’ll work closely with technical leads and product managers to support our customers and inform the product, as well as researching and developing new growth opportunities to expand on the strengths of the core technology. You bring a strong technology background with a passion for coaching and growing engineering talent

The Expertise and Skills You Bring

Proven experience building, deploying, and supporting web applications in production with one or more programming languages (e.g., Python, Javascript/Typescript)
Understanding and experience working with source code management, testing, and CI/CD processes and tools such as Github and Jenkins
Managing, supporting and empowering associates, to enable delivery of increased value in their teams, including coaching and mentoring team members to help them grow and develop their skills.
A passion for engineering excellence; a desire to empower and collaborate with your teammates; a willingness to learn; and adaptability to new and changing requirements
Strong analytical, technical, and problem-solving skills to understand complex customer needs and transactions
A sense of ownership applying automation and tests to make sure code is robust as possible
Ability and desire to learn and experiment with new technologies and patterns
The Team

We are Fidelity Labs, Fidelity Investments’ in-house fintech incubator with a mission to build new businesses to drive growth for Fidelity. We seek to shape the future of our industry by building new products and services to improve the lives of the diverse set of customers, businesses and financial institutions we serve.

Fidelity Labs is a dynamic workplace that combines the best parts of startup life—building from scratch, adapting quickly, and moon-shot ambition—with the scale and stability of an industry leader. We provide a safe space for startup teams to explore new business ideas, quickly test them with customers, and scale the most promising concepts within an existing business unit, or as a new venture.

This opportunity is brought to you by Fidelity Labs. Learn more at labs.fidelity.com.

The base salary range for this position is $107,000-216,000 USD per year.
Placement in the range will vary based on job responsibilities and scope, geographic location, candidate’s relevant experience, and other factors.

Base salary is only part of the total compensation package. Depending on the position and eligibility requirements, the offer package may also include bonus or other variable compensation.

We offer a wide range of benefits to meet your evolving needs and help you live your best life at work and at home. These benefits include comprehensive health care coverage and emotional well-being support, market-leading retirement, generous paid time off and parental leave, charitable giving employee match program, and educational assistance including student loan repayment, tuition reimbursement, and learning resources to develop your career. Note, the application window closes when the position is filled or unposted.

Please be advised that Fidelity’s business is governed by the provisions of the Securities Exchange Act of 1934, the Investment Advisers Act of 1940, the Investment Company Act of 1940, ERISA, numerous state laws governing securities, investment and retirement-related financial activities and the rules and regulations of numerous self-regulatory organizations, including FINRA, among others. Those laws and regulations may restrict Fidelity from hiring and/or associating with individuals with certain Criminal Histories.', 'yt-ch1');


--
-- Name: data_table_user_3Waxi1c8vq2oiZWC_id_seq; Type: SEQUENCE SET; Schema: public; Owner: atharvadev
--

SELECT pg_catalog.setval('public."data_table_user_3Waxi1c8vq2oiZWC_id_seq"', 4, true);


--
-- Name: data_table_user_AAjYY7y4dc46SIZg_id_seq; Type: SEQUENCE SET; Schema: public; Owner: atharvadev
--

SELECT pg_catalog.setval('public."data_table_user_AAjYY7y4dc46SIZg_id_seq"', 14, true);


--
-- Name: data_table_user_eVllB3VNGtqbLuF4_id_seq; Type: SEQUENCE SET; Schema: public; Owner: atharvadev
--

SELECT pg_catalog.setval('public."data_table_user_eVllB3VNGtqbLuF4_id_seq"', 1, true);


--
-- Name: data_table_user_3Waxi1c8vq2oiZWC PK_201f51078990522a82868332aec; Type: CONSTRAINT; Schema: public; Owner: atharvadev
--

ALTER TABLE ONLY public."data_table_user_3Waxi1c8vq2oiZWC"
    ADD CONSTRAINT "PK_201f51078990522a82868332aec" PRIMARY KEY (id);


--
-- Name: data_table_user_eVllB3VNGtqbLuF4 PK_63691b3b7fe6e59dbaf3e3de159; Type: CONSTRAINT; Schema: public; Owner: atharvadev
--

ALTER TABLE ONLY public."data_table_user_eVllB3VNGtqbLuF4"
    ADD CONSTRAINT "PK_63691b3b7fe6e59dbaf3e3de159" PRIMARY KEY (id);


--
-- Name: data_table_column PK_673cb121ee4a8a5e27850c72c51; Type: CONSTRAINT; Schema: public; Owner: atharvadev
--

ALTER TABLE ONLY public.data_table_column
    ADD CONSTRAINT "PK_673cb121ee4a8a5e27850c72c51" PRIMARY KEY (id);


--
-- Name: data_table PK_e226d0001b9e6097cbfe70617cb; Type: CONSTRAINT; Schema: public; Owner: atharvadev
--

ALTER TABLE ONLY public.data_table
    ADD CONSTRAINT "PK_e226d0001b9e6097cbfe70617cb" PRIMARY KEY (id);


--
-- Name: data_table_user_AAjYY7y4dc46SIZg PK_f8efb603e89ee41988c729e10c4; Type: CONSTRAINT; Schema: public; Owner: atharvadev
--

ALTER TABLE ONLY public."data_table_user_AAjYY7y4dc46SIZg"
    ADD CONSTRAINT "PK_f8efb603e89ee41988c729e10c4" PRIMARY KEY (id);


--
-- Name: data_table_column UQ_8082ec4890f892f0bc77473a123; Type: CONSTRAINT; Schema: public; Owner: atharvadev
--

ALTER TABLE ONLY public.data_table_column
    ADD CONSTRAINT "UQ_8082ec4890f892f0bc77473a123" UNIQUE ("dataTableId", name);


--
-- Name: data_table UQ_b23096ef747281ac944d28e8b0d; Type: CONSTRAINT; Schema: public; Owner: atharvadev
--

ALTER TABLE ONLY public.data_table
    ADD CONSTRAINT "UQ_b23096ef747281ac944d28e8b0d" UNIQUE ("projectId", name);


--
-- Name: data_table_column FK_930b6e8faaf88294cef23484160; Type: FK CONSTRAINT; Schema: public; Owner: atharvadev
--

ALTER TABLE ONLY public.data_table_column
    ADD CONSTRAINT "FK_930b6e8faaf88294cef23484160" FOREIGN KEY ("dataTableId") REFERENCES public.data_table(id) ON DELETE CASCADE;


--
-- Name: data_table FK_c2a794257dee48af7c9abf681de; Type: FK CONSTRAINT; Schema: public; Owner: atharvadev
--

ALTER TABLE ONLY public.data_table
    ADD CONSTRAINT "FK_c2a794257dee48af7c9abf681de" FOREIGN KEY ("projectId") REFERENCES public.project(id) ON DELETE CASCADE;


--
-- PostgreSQL database dump complete
--

\unrestrict 1AVunwI2LrWoIhQAsyzU7v0UVM4uwM6yL2NM9bgbYT7XgunIWFWZRbrsKplegql

